name,ABA_routing,bank_country,account_number,IBAN,swift11,recency,history,used_discount,used_bogo,zip_code,is_referral,channel,offer,conversion,score
Mrs. Darlene Blackwell DDS,126847707,GB,NADV40493392248114,GB49CWGF19250441081214,LFOGGB2DF2X,9,110.91,0,1,Surburban,0,Web,Buy One Get One,0,1.0648184290655698
Kimberly Ramos,097310651,GB,SKOU08020063301506,GB29ZRGN50427218465399,KQVTGBUDYZH,9,675.07,1,1,Rural,1,Phone,Discount,0,1.055279898981255
Gregory Martinez,056726286,GB,JOYA93172531881159,GB47JUHL77655628308205,IFLKGBCWLK1,6,65.1,1,0,Urban,0,Phone,Discount,0,1.3803818353226214
Andres Lopez,027538908,GB,UBUX76733360478867,GB95DAOD53136264753674,CMKIGB5NDY1,5,47.98,0,1,Urban,0,Web,Buy One Get One,0,1.0956886665278043
James Nelson,027146743,GB,LHLW73434327657134,GB20IQPK54380165831519,KGZEGBIUWUE,8,402.84,1,0,Surburban,0,Phone,No Offer,0,1.0078099926225963
John Guzman,111558807,GB,FPRJ05429144687204,GB26SIZO38290853802847,NWDIGB051N3,11,504.86,1,0,Rural,1,Multichannel,Buy One Get One,0,1.2122871983760566
Katrina Johnson,073494342,GB,YSDM28428181265424,GB04OKZT81014637894825,TBSJGBXWHAE,9,46.42,0,1,Urban,0,Phone,Buy One Get One,0,0.7370925336816103
Mario Meyer,093301868,GB,UPJF42906818975932,GB02BIOJ98815096831149,PCRKGB8AP1H,8,235.47,1,0,Surburban,0,Phone,Buy One Get One,0,1.0004676655259455
Shelley Rivera,112268329,GB,KIUX00970537984984,GB56TVAS57149467581456,IPHQGBC40BX,11,123.25,1,0,Surburban,0,Web,Discount,0,0.5962838789375378
Tabitha Ayala,111903067,GB,JFQX34411298215948,GB04WQBG24075623728064,ZDYHGBIPG4V,3,190.66,0,1,Surburban,1,Web,Buy One Get One,0,1.2618362064995239
Jennifer English,086222844,GB,PDUQ99713314687044,GB85PMZZ14031277841561,RDXEGB4MSD2,2,200.23,1,0,Surburban,0,Phone,Buy One Get One,0,1.7230994494699092
Jonathan Mcfarland,076004849,GB,NEXZ33449257137914,GB41DWET25768331700202,VRGFGBHOX63,2,64.51,1,0,Urban,1,Phone,Buy One Get One,0,1.1035162638937572
Joshua Perez,099888796,GB,UQHY95031906075373,GB73EQUA58550070793712,ZIULGBW9M0C,1,106.27,0,1,Surburban,0,Web,Buy One Get One,0,1.5051094219262724
Zachary Martinez,117902635,GB,PICZ82304785466519,GB18MTVO34973491976757,QHTGGBCNAIC,11,164.9,0,1,Surburban,0,Phone,Buy One Get One,0,0.7972961502553808
Michael Campbell,082192994,GB,MDGR52957712033983,GB61HIOJ06440504680201,RLPUGB00YZU,9,280.2,1,0,Surburban,1,Phone,Buy One Get One,0,0.08877724047636548
James Hernandez,127411019,GB,OESJ00163903336438,GB50VJMO47925539910407,ZWPMGB9IV2G,8,98.56,1,0,Surburban,1,Web,Buy One Get One,0,0.5570581937327865
Joe Tucker,056561852,GB,SZOX82137191171802,GB10IUEW87076898297454,WDRUGB1K1AY,7,29.99,1,0,Urban,0,Web,No Offer,0,1.2655517083066774
Joshua Nichols,118954624,GB,WMUG21493430689084,GB83PSST66609346505360,HIHHGB5MUJM,10,43.31,0,1,Urban,1,Phone,Buy One Get One,0,1.0914332117247447
Javier Steele,075068815,GB,NGMC18230059959492,GB74LXSD76335789593185,ROWLGB07KCZ,2,725.51,1,0,Surburban,1,Multichannel,Buy One Get One,0,0.980839065894229
Sheri Malone,018929513,GB,WIEK05605834231274,GB70UIOI41139729631694,MGBTGBXBA9B,8,45.78,1,0,Surburban,0,Phone,No Offer,0,1.7647892373958747
Suzanne Vincent,076390207,GB,IDIY09076545008103,GB14EWVJ29191617672696,NUMBGB89SBN,7,39.78,0,1,Surburban,0,Web,Discount,0,0.48352550723046395
Miguel Smith,013545390,GB,LVVH03776179023375,GB91HEXT65983057173819,NHPLGBD7UF9,8,244.94,1,0,Surburban,0,Phone,Buy One Get One,0,0.17550017980963695
Keith Anderson,099109802,GB,ELHL84854635775956,GB31HSNB10581646147321,UCNMGB5ZBKY,1,68.5,0,1,Urban,0,Phone,No Offer,0,0.9444251155184976
David Grant,056378016,GB,JKXF51184091659587,GB66XOFD19842403288424,UMZYGBILN5U,11,35.43,1,0,Urban,1,Phone,Discount,0,1.1981362091025047
Diana Fuller,032068968,GB,UTZQ65864431548727,GB19UJUQ33187160937925,MHBRGBSDJT6,3,29.99,0,1,Surburban,1,Phone,No Offer,0,0.7190981123463525
Joshua Alvarez,105900005,GB,GHJA05333353186878,GB41FKTY84795192135468,QXSRGB7CZFF,4,29.99,0,1,Surburban,1,Web,Buy One Get One,0,0.42452580390270256
Nicholas Jordan,114069186,GB,TRAD20198286826753,GB41ZJMY86421793835625,AWILGB7HFL7,1,29.99,1,0,Surburban,0,Web,Discount,1,2.151313060319615
John Reynolds,029253524,GB,IREP93561943500196,GB70XMEF36344499324189,SFNTGBVJS1L,7,435.73,0,1,Urban,1,Web,No Offer,0,0.9608420788883891
Timothy Cole,110508955,GB,KRKU03203375138348,GB88ZNES50068295521724,ZINYGBQCWDL,8,59.76,0,1,Urban,1,Web,Discount,0,1.1648644233522614
Keith Miller,039181000,GB,YMBN08151415920857,GB69QOFU19940784874888,IKDBGBKIK42,12,90.15,1,0,Surburban,0,Web,Discount,0,1.4520259735442234
Caitlyn Hale,118093459,GB,YAYW57650368534076,GB15LNIZ16116999806656,KVRHGBTY1C1,7,233.4,1,1,Urban,0,Multichannel,No Offer,0,1.0306516302042998
Javier Johnson,039596828,GB,PWAS13833606429521,GB63GMVN22602045392672,LDFHGBDBP27,6,29.99,0,1,Rural,1,Phone,No Offer,0,0.7882636165523385
David Montgomery,048425197,GB,UARM31992107434283,GB31UION55523049089752,BLRAGB89Y51,2,287.04,1,1,Urban,1,Phone,Buy One Get One,0,1.1514509267856958
Nicole Fernandez,021957860,GB,RAQX22506257427847,GB78MDRG92758614307428,NSKZGBU3FC8,7,29.99,1,0,Surburban,0,Web,No Offer,0,0.648556584545207
Kelly Butler,071679729,GB,TYEH73562249336335,GB09QTKS43426502713939,LRTNGB6X98Y,5,244.34,0,1,Urban,1,Web,Discount,0,1.1119057206873155
Anne Barrett,110955809,GB,OEXU49399215592610,GB22QJJL94423321161851,FWNUGBUHV8B,7,758.59,0,1,Surburban,1,Web,Discount,0,1.3602866603723958
Alejandro Sullivan,127977223,GB,LZTT15398872891371,GB61LCMP41424788090539,UULFGBVPC2Z,10,57.71,0,1,Surburban,0,Web,Discount,0,0.6989811618205943
Anna Shaffer,064905358,GB,SCLL99280759925407,GB42IAYZ70977015758468,VSZLGBIVBNF,1,522.77,1,0,Surburban,1,Multichannel,No Offer,0,0.7230481332191363
Allison Huff,077753018,GB,UTYO58913648450097,GB49YHIK07573320506350,POQAGB3VFA5,9,1172.42,1,1,Surburban,1,Web,Discount,0,0.1721400092048021
Charles Brewer,084306102,GB,GGQQ93524913787171,GB10BCCF28719228683890,KAMZGBMR70B,7,84.49,0,1,Urban,1,Web,No Offer,0,0.36245087247675467
Aaron Turner,056254774,GB,GJJI19674844236898,GB06HXMM19805295254528,BASQGB6LCFU,8,29.99,1,0,Urban,1,Web,No Offer,0,1.5545100453227632
Andrea Huynh,057942195,GB,JDHR70000251413266,GB26DLIJ36337469206741,SQWVGBOHCAM,3,29.99,1,0,Rural,0,Web,Buy One Get One,0,0.9133001203260603
Kimberly Davis,099338055,GB,WGUW35908683825907,GB61KTHT47666294705398,QTDFGBL4EU6,2,101.64,0,1,Urban,0,Web,Discount,1,1.8090720295658784
Amber Daniels,040895204,GB,OLBL78708925011004,GB55LDFN74558333527275,TEKBGBC24BZ,2,424.44,0,1,Urban,0,Phone,Discount,0,0.7074700803570468
Robert Heath,017299244,GB,YFAY93149395727604,GB72NRPJ17116031447314,JANAGBTG6WM,5,291.17,1,0,Surburban,0,Multichannel,No Offer,0,1.2713998523103758
John Lawrence,054838723,GB,SUNA88237464265885,GB83DOYQ96045545817733,RMFAGBRMUY5,8,171.88,1,0,Surburban,0,Phone,No Offer,0,0.7669392765730622
Anne Vargas,128864102,GB,EQNB27072163553490,GB72GHMH02333798528758,RHXGGBC1AU9,10,56.6,1,0,Urban,0,Phone,Discount,0,1.2733294346403259
Amanda Franklin,063923836,GB,UWPF30954892656723,GB63UYFN18080885945368,EJTKGB1UHNB,3,454.0,0,1,Urban,0,Multichannel,Discount,0,0.5459973420203745
Elizabeth Thomas,074066274,GB,WJQB19828456246497,GB04ANXK69667744869168,RWPSGB4TIAP,10,29.99,1,0,Surburban,0,Phone,No Offer,0,2.2040920551535343
Raymond Dixon,050781696,GB,ENKG05911680123222,GB84MXOL41036721137125,UWSOGBQHDUF,2,86.38,1,0,Urban,1,Web,Discount,0,1.005204725113378
Michael Wilkerson,096696732,GB,ZHBV01621425770735,GB96HJVQ25413638227469,RBVQGB0OUJE,7,77.94,1,0,Surburban,1,Web,No Offer,0,0.48984585553980087
Kenneth Coffey,082134693,GB,EOUV93354813475218,GB72VZAJ72179302834767,JSMJGB51A5A,6,40.24,1,0,Surburban,1,Phone,Discount,0,0.9416073756847168
Darren Hall,069235780,GB,MUYZ96695065984061,GB18WYJZ18621493731892,PLUAGBZXEO1,7,612.28,1,0,Surburban,1,Phone,Buy One Get One,0,0.5260803001654106
Susan Duran,046022903,GB,LGFS07585935618998,GB33QHYL90933761881982,IPVHGBWE6BB,10,153.58,1,0,Surburban,0,Phone,Buy One Get One,0,0.9140833715549677
Jennifer Meyer,092546284,GB,LBCC02518377876195,GB50JMZV00120867730301,GNEFGBRCNT0,7,208.25,0,1,Surburban,1,Multichannel,Buy One Get One,0,0.8728113313431974
Shawn Flores,107171696,GB,LDKR09113290832605,GB56IKWX83477114587612,ZUICGBU2P4T,5,222.07,0,1,Surburban,0,Phone,Buy One Get One,0,0.6892332455445542
Charles Glover,106749799,GB,URVL66492834751314,GB75DTKY51333961368325,ABHVGBR49XD,1,87.0,0,1,Rural,1,Phone,Discount,0,0.9753322123158413
Cheryl Freeman,028190442,GB,DRMC20822486155402,GB81LQET00392706896080,ABLOGB9NW2N,5,29.99,0,1,Surburban,1,Phone,Discount,1,2.180447634297514
Kenneth Wells,071960674,GB,LGFO74491360347957,GB50XLLT80188563300491,FBORGB4AQZ6,10,29.99,1,0,Rural,1,Web,Buy One Get One,0,0.7419763976526983
Benjamin Graham,082307750,GB,MNXP18342702635517,GB68CSSP53896476932613,HUXZGB21WD6,9,29.99,1,0,Surburban,1,Web,Discount,0,0.3099335567674406
Alan Fitzgerald,117234918,GB,LUBA89027408420294,GB08NIHA75940402135767,LSGLGB4VQD3,9,45.35,1,0,Rural,1,Phone,No Offer,0,0.8269099295510244
Sandra Rivera,059173878,GB,HSVZ17686839508310,GB06WWIX33468313628955,WEQYGB935OS,6,32.17,1,0,Urban,1,Phone,Discount,0,1.0840783785933423
Patrick Houston,033495365,GB,NPYG19488763917859,GB76IHJS62395591379341,DWFKGB9XHV3,7,329.26,0,1,Urban,0,Web,Discount,0,1.1840855448229866
Michelle Morales,095640501,GB,FKCD15372971393498,GB56QHEG67871327578434,CZGIGB2TO6J,1,303.34,1,1,Urban,0,Web,Discount,1,2.310691110513681
Jacob Gibson,092288636,GB,UDJR08203635989615,GB91LGVX29671434650984,CEABGBE3H2T,8,43.16,0,1,Urban,1,Phone,No Offer,0,1.1808063117081657
Michael Martin,084160283,GB,HHVK93043813803171,GB27OTMM42261158110431,NUAVGBFFPHF,10,320.11,0,1,Rural,0,Web,No Offer,0,0.9883880525156981
Sara Evans,105303440,GB,BAKN09045733302591,GB42XOPK24507985430440,REITGBWBL9C,3,257.56,1,1,Surburban,0,Web,Buy One Get One,0,0.07910317993652882
Lori Kelley,126947429,GB,LJVX56884108595457,GB83ISGD90340527090803,DBFXGBD8O8G,10,110.84,1,0,Surburban,0,Phone,Discount,0,1.1837247984963926
Jeffrey Robinson,012413481,GB,GLJF32283298442964,GB10QABT48262888264433,KQVIGB0CCL6,9,29.99,0,1,Urban,1,Web,No Offer,0,0.7634076829366389
Melody Davis,010345823,GB,IUSQ96952701443332,GB08VXYO09949600292757,WYMHGBIK1QU,2,203.52,1,1,Urban,1,Multichannel,No Offer,1,1.3502012683130549
Autumn Reyes,081746082,GB,TKVF16820517662468,GB20CXAU10325335833930,PNOWGBG2WPS,7,462.7,0,1,Surburban,1,Multichannel,No Offer,0,0.8129062637496771
Kyle Wilson,014008548,GB,JUUW25989714579871,GB33PAKZ14919164304418,QTMQGBF1W4U,8,167.05,0,1,Urban,0,Phone,No Offer,0,1.0646468648530103
Michael Murphy,024975328,GB,FOFO10505517710637,GB17NJEV49972453362829,IGMUGBN05HW,10,375.9,0,1,Urban,0,Web,Discount,0,0.6700217773895962
John Daugherty,107367536,GB,HEPW84352176433624,GB67RMLR17461148494669,ICVZGBWLZAH,12,87.62,1,0,Urban,1,Phone,Discount,0,1.5421721018468308
Morgan Evans,090969876,GB,XTVS38978797377101,GB49UOLU40954368621226,EZGKGBZR56K,11,120.14,1,0,Urban,0,Web,Discount,0,0.535475433904377
Shannon Kelly,112596088,GB,ZROI60168413794377,GB13TOFF87255431839739,OKZYGB6QQJP,11,312.41,1,0,Urban,1,Web,Buy One Get One,0,0.9359223736874814
Jacqueline Alvarado,011265850,GB,NSUD81553042357026,GB23AGBQ96671054503907,ZVGUGBM1E6R,1,114.68,1,0,Rural,0,Web,Discount,0,1.558976910396641
Nicholas Pierce,112032526,GB,JNQQ88480179494839,GB23WZGN12417248880731,XOMJGBB951H,8,336.76,0,1,Surburban,0,Phone,Discount,0,0.09152669218354692
Justin Burke,101521556,GB,ULJO07244797564336,GB92BDRW07600940487110,ZQUIGBOSK2I,6,466.29,1,0,Urban,1,Multichannel,Discount,0,0.2786651366261512
Kathryn Small,044046952,GB,CUHX90639059419090,GB26QALN71939004669682,CAOGGBB4FBH,9,89.96,1,0,Surburban,0,Web,Discount,1,1.4260369954248961
Rick Valdez,020253785,GB,KNVE73728362281141,GB91SFXL75481309130056,TCPZGBE7SQJ,2,102.99,0,1,Surburban,0,Phone,No Offer,0,0.9402646212352761
Sara Williams,067252833,GB,MTSS98601661354726,GB71FNHS47156544298981,ALGTGBO687V,10,29.99,1,0,Surburban,1,Web,No Offer,0,0.8932067857196669
Joseph Hines,097943837,GB,BMDP28936479818130,GB88EOOY70404365920651,KDBKGBKYKOW,9,100.86,1,0,Surburban,1,Phone,Discount,0,1.8165154948628919
Jennifer Fischer,014562961,GB,AAAC96310656518694,GB10HGKH50559464758353,ALJCGB9TMN0,5,29.99,0,1,Rural,1,Web,No Offer,0,1.3028969862018442
Antonio Guerrero,104686045,GB,DGEA63473863953781,GB54LIIH17893994636199,HYMQGBXYY6E,1,895.43,0,1,Surburban,1,Web,Buy One Get One,0,0.7790883706670744
Ryan Martinez,014186596,GB,VIGN28633251302217,GB50GRWH54909119767457,ZHWLGBXQ12G,6,108.83,1,0,Urban,0,Phone,Discount,0,1.0669190137560605
Christopher Duke,031360311,GB,DWVR37019604703913,GB77PMSW71726158040897,AUOVGBD7Q2V,1,92.29,0,1,Rural,1,Phone,No Offer,1,2.2042116301245214
Brian Hooper,119652941,GB,RMJL38889542727074,GB43PZKO72866198660547,YLEQGB3YMMK,9,179.43,0,1,Urban,0,Web,Buy One Get One,0,0.08637839793061675
Heather Munoz,035747862,GB,NCTJ34920095292409,GB89GUMA28404935954619,ZJCTGBKCXNO,5,320.43,1,1,Surburban,0,Web,Buy One Get One,0,0.17145633094288026
Carlos Harris,075146698,GB,XGJS30307203173885,GB17WGMB05073942049662,XGINGBM0F78,7,548.91,0,1,Urban,1,Phone,Buy One Get One,1,2.5905948673637145
Brandi Andrews,112391539,GB,ABNW73773173741746,GB24PSRU46187625503382,HQLCGB2GO0U,5,399.46,1,0,Surburban,0,Web,Buy One Get One,0,0.8440422789060248
Shelia Hoffman,062394136,GB,DJRU22931876066213,GB23FJNY45928642209704,PTFRGBIGRKF,9,29.99,0,1,Surburban,1,Phone,No Offer,0,1.1282121053196472
Tammy Hubbard,074267484,GB,VMVB01929032572646,GB48RSOB95330715643247,VZLHGB97D2W,1,269.99,1,1,Urban,0,Multichannel,Discount,0,1.2018385735581718
Ashley Thomas,087391208,GB,CFKT35347167587989,GB03UWXH44378939748250,BBSIGB0JFUU,1,117.27,0,1,Rural,0,Phone,Discount,0,0.2975914129692061
Vincent Morales,050039429,GB,ARNF29488544292091,GB66IJPB74485497822525,KYJCGBXS74K,3,67.4,1,0,Surburban,0,Web,Discount,0,0.9360124404497738
Benjamin Walters,045292433,GB,WALD84090675732648,GB40WZGL72165414911493,QXGCGB3L3CU,1,219.3,0,1,Surburban,0,Phone,Buy One Get One,0,0.4117916630936055
Adam Lee,057205625,GB,USSK61850248671912,GB35XGUG06723580428590,VMBAGB4HEQD,8,33.31,0,1,Surburban,0,Phone,Buy One Get One,1,1.4907705994139064
James Ruiz,109282198,GB,TMTN33694150698455,GB34TNAB17317437855170,YWFOGBI5SBE,1,1486.31,1,1,Surburban,1,Phone,Buy One Get One,1,1.6469875702740968
Stephen Garcia,038065460,GB,OFAG73032098394390,GB91ORIF47833284461396,ALRJGBP5ULJ,4,29.99,0,1,Urban,1,Phone,No Offer,0,1.0832311279250706
Cody Brown,021141294,GB,XPAA97585743917493,GB92YFSW51702881958259,OONEGBJLYSK,11,91.23,1,0,Urban,0,Web,Buy One Get One,0,0.9958462963162411
Gregory Franklin,103983684,GB,NTTG74790328775695,GB07DUES73412067426780,HGDTGB83ZCH,2,56.25,1,0,Surburban,1,Phone,Discount,0,0.40761906765291744
Joanna Paul,047846243,GB,UCUZ17605742745465,GB93YCDT06386773105611,EJLOGB79P55,9,302.52,1,0,Urban,0,Phone,Discount,0,0.7905252579384483
Marissa Mccarthy,096886199,GB,DYTT00063099286641,GB21URBY39801088664947,ZJAWGBW7FZ1,7,157.63,1,0,Urban,1,Phone,Discount,0,0.6812419276228312
Cheryl Pratt,076135828,GB,KSSQ93108283054081,GB60ZXYS99752772520604,IOBHGBAI208,7,29.99,1,0,Surburban,1,Web,Buy One Get One,0,0.36190909919815717
Lisa Rivera,025402502,GB,OIHZ28361342495726,GB05RIIY57261063556983,MFAKGBU1AAX,7,60.02,1,0,Surburban,1,Phone,Discount,0,0.6328046284977185
Wendy Jones,059477477,GB,UQHX60702245792067,GB69LXUA64153442192561,MDYCGBO8FUY,10,170.32,1,0,Urban,1,Phone,Buy One Get One,0,0.6450257193535761
Sarah Rocha,012340745,GB,PXDB47117070486225,GB08EXNK84505245689855,TOGZGB8TYHO,6,505.48,1,1,Surburban,1,Phone,No Offer,0,1.3240000969846082
John Espinoza,043644449,GB,VZQR26532922982279,GB17NBFN02645186720006,XYGFGB9YB59,1,586.52,1,0,Rural,1,Multichannel,No Offer,0,1.1463506896762503
Gary Byrd,012050705,GB,LDXY56396105916432,GB18PTDH96374124450845,PQZVGBJMBR3,2,784.22,1,0,Rural,1,Multichannel,No Offer,0,1.3295337127226
Michael Davis,113080438,GB,TRKS14124841985326,GB78XQGP06069195178551,FZKYGBEJ1ZP,2,45.34,1,0,Urban,0,Web,Buy One Get One,0,0.10042581662883732
Michael Davis,113080438,GB,TRKS14124841985326,GB78XQGP06069195178551,FZKYGBEJ1ZP,4,316.87,0,1,Urban,1,Web,Discount,0,1.110790204427143
Holly Lee,085807668,GB,ZCZG02866065763552,GB43WTTQ32953342514798,VTZCGBAIQPS,3,58.13,1,0,Urban,1,Web,No Offer,1,1.2677961098218868
Toni Williams,092402292,GB,EZVD23507294776984,GB94ZFQQ50418485931363,BPFPGBHUO3Y,1,110.07,0,1,Urban,0,Web,Discount,0,0.5813756714651397
Laurie Delgado,100677113,GB,RTUN35202730927222,GB22BKLR45507395594862,WKAJGBAZH76,6,464.17,0,1,Surburban,0,Multichannel,Buy One Get One,0,0.41063547248522003
Marisa Summers,105988742,GB,KPQK86881418972325,GB22LGUW02840631231346,WPOEGBPTQC8,9,173.88,0,1,Surburban,0,Phone,Discount,1,2.060317417298962
Morgan Oconnor,053535137,GB,HDJI80791180449405,GB15WWAO61441722173593,ZYSGGBOH7EF,8,69.67,1,0,Rural,1,Web,Buy One Get One,0,1.0452065361953102
Aaron Miller,056438451,GB,OLJK02366052814568,GB69ECCT52480200629700,FFMNGB4RPPG,2,210.51,0,1,Urban,0,Phone,Discount,1,1.4856174316017845
Richard King,098833784,GB,ZYMB38285008171631,GB61MJVD75032268477011,RXKHGBPMH99,11,417.21,0,1,Urban,0,Phone,No Offer,0,0.8872196682583375
Zoe Hernandez,120824836,GB,IDMA58736081412589,GB97UJND51940068019480,RJQWGB25G2E,10,375.34,1,0,Rural,0,Web,No Offer,0,1.0831094220168227
April Santos,066121813,GB,LWJC80502643146842,GB89WBSR20355005810810,TCLSGBB8QUQ,11,184.17,1,0,Surburban,0,Phone,Buy One Get One,0,0.9272890928468808
Tammie Smith,039405032,GB,HPLL04486463160548,GB48MMFJ25334298978033,MHBOGBHRVSZ,10,62.63,0,1,Surburban,1,Phone,Discount,0,1.1222964451236255
Lisa Stephens,079778716,GB,GAUF36067430490632,GB69JBPU02321844685140,OHUJGBEVH0O,6,334.34,0,1,Rural,0,Multichannel,Discount,1,2.42581529854046
Jason Ibarra,067231919,GB,IUPO16849866374934,GB34GXTH24792378154394,MFAMGBQD0QN,9,61.26,0,1,Urban,0,Phone,Discount,0,1.0930074172358548
Jennifer Cook,079184973,GB,UZGP10487653870491,GB23KLRV36463264094306,FNLVGB1UWDH,4,54.41,0,1,Urban,1,Phone,Buy One Get One,0,0.5077237139343489
Todd Wright,120062339,GB,PARQ61713089540101,GB02FEQO28754575072588,QKGTGBEQZRT,2,29.99,0,1,Urban,1,Web,No Offer,0,1.0600600994492113
Norma Olson,110007210,GB,RREE16769489730801,GB88WPRU64123032074722,YZOXGBH35NA,7,221.71,0,1,Rural,1,Web,Buy One Get One,0,0.31707979440440126
Stephanie Davila,119097632,GB,SRWF71994904964141,GB93QJKU55029194053291,XTNPGB551NT,3,29.99,0,1,Rural,0,Phone,No Offer,1,2.460813083734783
Rebecca Maxwell,024245838,GB,FLGM62136806675387,GB34BAVP12884353776757,ENLTGBDHS74,1,188.89,0,1,Surburban,1,Web,No Offer,0,1.1953150431935873
Sarah White,052671445,GB,VRHF35483328198710,GB19APLO00494161084569,AMODGB5R6GK,12,115.39,0,1,Surburban,0,Phone,Discount,1,2.1189025358451787
Tina Sweeney,093808594,GB,QXXK64566558648800,GB13RAKK11410412047206,PDEJGB473HU,10,113.33,0,1,Urban,0,Web,No Offer,0,0.8312572302700645
Tamara Cooper,114210317,GB,FEVT53506168201233,GB72OBWS53142540674312,TPZGGBP8PMM,10,47.47,0,1,Surburban,0,Phone,Buy One Get One,0,0.7375541003229111
Kim Clark,019888200,GB,LLNZ82719759821463,GB87SCAT48230040647512,XOGIGBSAM55,1,681.12,1,0,Rural,1,Phone,Discount,0,0.9614872463853983
Joseph Huber,064930255,GB,OHGP22819998114601,GB80DFZK77358469977559,YRZJGB7Y10O,10,489.29,0,1,Surburban,0,Phone,Discount,0,0.920017984179333
Rachel Wiggins,066863744,GB,EBNA10220905931371,GB39GUKS18957195506772,QASAGBWAR85,10,127.29,0,1,Urban,1,Phone,No Offer,0,1.271352274905146
Trevor Morales,038609619,GB,HADX80871314919623,GB76EJZO43948648811595,HOPMGB2RBUH,6,154.16,1,0,Surburban,0,Web,No Offer,0,2.0704434038091146
Heather Chaney,051326199,GB,WBMH83735576948900,GB10BYQH24632941573588,MFBHGB21KN1,1,651.65,1,1,Urban,1,Web,No Offer,0,0.7701493290096215
Denise Mason,098597965,GB,MTZE52361740463380,GB10PMSS27067531839640,RVAIGBIBYWV,8,58.28,0,1,Urban,0,Phone,Discount,0,1.449209535343806
Jordan Anderson,061965883,GB,XOJF60865433442653,GB49TCQE21934937907835,ZHSKGBN9YNI,11,143.65,0,1,Urban,1,Phone,Buy One Get One,0,1.6842093628988466
William Coleman,065591169,GB,UYJT17573509647243,GB25NFWL78638690258777,MIMYGBSDS7E,2,531.69,0,1,Urban,1,Phone,Buy One Get One,0,0.5978992090786858
Juan Silva,098429172,GB,UZAF40674755364431,GB26XNIJ17966362353135,XBNQGB0DI9N,2,235.19,1,0,Urban,1,Multichannel,Buy One Get One,0,1.37092934825227
Michael Palmer,086873510,GB,XIVP16671152315647,GB61OFPL13761984465833,NVVUGBI5Q90,12,80.56,1,0,Urban,0,Web,Buy One Get One,0,0.2964733956250263
Susan Hernandez,014695061,GB,ALOF10934817332975,GB34FIKU91759954973158,RUZTGBUJYO9,10,313.67,1,0,Rural,1,Phone,Buy One Get One,1,2.0803118452123
Katherine Davis,078275812,GB,HHFG55412424920814,GB46CUVC44030868763106,VOORGBNA4YU,12,130.84,0,1,Surburban,0,Web,Buy One Get One,1,1.8610172403083296
Kathryn Hall,035866808,GB,YCFQ58156333072260,GB26VQDI91346828731722,EPSRGBOPEB9,6,343.82,1,0,Urban,0,Web,No Offer,1,2.5398975364240166
Maria Stephenson,030282432,GB,YQYM69532548290491,GB76HPAT60074376112786,QVNAGBZHQ1F,4,739.84,1,0,Urban,1,Phone,Discount,0,1.0596551932688476
Deborah Douglas,109765327,GB,EEXD42753517565722,GB46BVBK87164075937400,WBXUGBUZDHA,4,53.42,0,1,Surburban,0,Phone,Discount,0,1.7825088590102545
Benjamin Jarvis,048212478,GB,ITEW65583198064747,GB03FANG55521993376700,ZAUQGBW6E3U,8,29.99,1,0,Surburban,0,Phone,Buy One Get One,0,0.4310524973326626
Jesse Mathis,095162704,GB,OGGU80706092120337,GB70JHTJ93419261286449,ADUIGBVIPDK,8,492.53,1,1,Rural,1,Phone,Discount,0,1.0251303627275712
Luis Rojas,027878053,GB,IZRO02115101247218,GB04JFPZ49959679818877,POHYGB784ZE,3,106.7,1,0,Urban,0,Phone,Discount,1,1.8418337186389462
Matthew Beltran,105604615,GB,UXGW07036134165706,GB82SGNO95027702302322,WCLDGB8V9C3,7,32.42,1,0,Surburban,0,Phone,No Offer,0,0.781046795719484
Julie Reyes,118250771,GB,YYJU27980576780735,GB64KLWU26367343165655,EHCQGBFG3E2,4,52.12,1,0,Urban,0,Phone,Discount,0,1.0371190182551744
Craig Brady,066495471,GB,OXIA15391891863095,GB35ICTB01114379355774,XGUBGBKPO5Y,9,189.33,1,0,Urban,1,Phone,No Offer,0,0.756186505810778
Omar Huang,057636197,GB,CSYH20638059555302,GB73QUYX71443377937711,PWMJGB02H9T,8,60.69,1,0,Urban,1,Phone,Buy One Get One,0,0.8406558576611637
Zachary Cooper,021775518,GB,RHPW73157599733380,GB06VYKB91018704929913,KSNIGB7SN49,1,856.4,0,1,Urban,1,Web,No Offer,0,0.48552575422716615
Teresa Edwards,122265642,GB,ORIX46272376092783,GB22NSIO32516266395589,SINSGBAZQQB,6,528.03,1,1,Urban,1,Multichannel,Buy One Get One,0,0.23724184495063294
Megan Wilson,046652713,GB,FZEM50886795828540,GB44ZTHP99917099060886,KIVEGBLQNJY,12,98.17,0,1,Surburban,1,Web,No Offer,0,1.551676343401557
Patrick Dyer,016822654,GB,BYOK04964837202718,GB35KGBV90445846907269,IOPXGB9ETDZ,3,222.8,1,0,Urban,0,Web,Discount,0,0.8017883926421892
Ashley Jones,118463102,GB,XNLQ29617108010086,GB44AZKQ12209957823600,VITMGBN5J7D,3,80.65,0,1,Surburban,1,Web,Buy One Get One,1,2.8021053523069046
April Weiss,028143392,GB,DSHN65692051198108,GB67GRTX89224949794525,KTEQGB932XL,9,115.84,0,1,Surburban,1,Web,No Offer,0,1.674799873802355
Stephanie Garcia,027911431,GB,AEIU99363589144662,GB44UCPM51923608934453,EIJFGBLSGZU,6,265.61,0,1,Surburban,1,Multichannel,Buy One Get One,1,1.8490086113075037
Angela Riley,126558795,GB,VHUS29509241482106,GB44BTYM08124251340672,XIUGGBUA7DP,7,149.34,1,0,Urban,0,Phone,Discount,1,1.9828391704915638
Mark Reed,062243177,GB,BDJD11246069061809,GB53QZKK67995099587457,HIDBGB6ZJ5X,10,158.55,0,1,Surburban,0,Phone,Buy One Get One,0,0.8906092207399103
Mckenzie Gray,028074270,GB,MIHX44930228018282,GB73LPSR97576106184300,UTLMGB611OI,5,30.59,0,1,Urban,1,Web,Discount,0,0.9534929741652138
Gail Rose,060171500,GB,XUMX55385624478395,GB68CFMJ84621479787658,EMAQGB4FTFA,5,150.06,1,0,Rural,1,Web,Buy One Get One,0,1.365066402635197
Michele Holland,068195423,GB,GNFP42559806357740,GB76XDQZ44117200461465,AAAKGBRZYMF,3,351.2,1,0,Surburban,0,Multichannel,Buy One Get One,0,1.193872964442878
Maria Greene,043583474,GB,GORJ22530832648927,GB68TVVC33168786192875,APMAGBPWJA4,9,29.99,0,1,Surburban,1,Web,Discount,0,1.4613688658386597
Lisa Bennett,054697139,GB,PVSU30674489872734,GB52FBEI59362805715196,KJUMGB9WQV4,12,63.28,1,0,Urban,1,Phone,Discount,0,0.6486656834449214
Ann Hernandez,089279409,GB,YYMK24958406372265,GB47XVWU98162998503663,TEAWGB6DL58,12,271.89,1,0,Rural,0,Web,Discount,0,0.15256359522732776
Kenneth Day PhD,016037083,GB,OUVP80848040323022,GB83PBEV26708833970651,ZLAEGBZIRF4,3,188.19,1,0,Urban,0,Phone,Discount,1,1.5781962840017194
Nicholas Lewis,103117887,GB,YMTV08938056511497,GB75EHIF44679615948924,QZVWGBAWRXM,1,514.52,0,1,Surburban,1,Web,Discount,0,1.586031211662225
Alyssa Maxwell,114793672,GB,EDNJ12467047822590,GB83PHXQ64696378107676,NIFMGBWYDA5,8,135.67,1,0,Rural,1,Web,Discount,0,0.5935695140437226
Henry Rodriguez,063348893,GB,ZOWO03196271828909,GB54CDME53065498859316,MARRGBG2DA6,2,370.87,0,1,Urban,0,Multichannel,Buy One Get One,0,1.3749237172465418
Kathleen Aguirre,122167627,GB,DTLM00819535626892,GB51JMRU42363332179202,YACJGBYFY8L,3,34.22,1,0,Urban,1,Phone,Discount,0,0.5470699533556813
Matthew Pearson,115001486,GB,KFPO32635098984626,GB30HTVO58180812908932,LCUGGBQBAUP,4,87.69,1,0,Surburban,0,Web,Discount,0,0.65145443060523
Wayne Moore,071624321,GB,XJKA00605756774218,GB57LMFI77784745640150,JIGWGB1SCJN,9,34.72,0,1,Surburban,1,Phone,No Offer,0,0.7392510374318724
Frank Patterson,062049300,GB,BLAD10411277599163,GB19DAQA12260674129092,AILHGBS8OTU,10,63.79,1,0,Rural,1,Phone,Buy One Get One,0,0.18590187812306025
Susan Smith,046094818,GB,ZDNS09155401056164,GB60LKPN54494344391954,AAYQGBREMX2,9,35.4,0,1,Surburban,1,Web,No Offer,0,1.0522811777225973
Jesse Hill,038808889,GB,QNTG21590911909355,GB55MRQK51712113213201,VWRBGB6DM9M,5,425.1,1,0,Rural,1,Phone,Discount,0,0.6722215273086514
Lauren Obrien,128711653,GB,LVWV23300448343734,GB41KUAO69867174708852,MRHTGBQL9C8,3,708.62,0,1,Surburban,1,Phone,Discount,0,0.9657463705984211
Renee Lopez,077990075,GB,YFKZ71266384708002,GB73IZMB07186806163727,YCTTGBKDEX7,8,428.0,1,0,Surburban,1,Multichannel,No Offer,0,1.1481785991836462
Julie Lawson,089336119,GB,XTMY18156335767027,GB82KXOY98744164529807,HSZLGBZZWVD,7,1222.53,1,1,Rural,1,Phone,Discount,1,1.6592166860991207
Victoria Rogers,020255194,GB,EDAO30668302549080,GB25EMYC51537192475274,UNNOGBNFHHD,5,173.65,1,0,Urban,0,Web,Buy One Get One,0,1.171353987639479
Leah Hansen,039081618,GB,QKFE26256318446686,GB06QTHR39987480902077,AOXXGBYRUK7,10,138.83,1,0,Urban,0,Phone,No Offer,0,1.1183244456418682
Matthew Johnson,120316920,GB,SAMO99150337970120,GB59QZIG84507220130680,DTACGBWFJOD,1,60.71,0,1,Rural,1,Phone,Buy One Get One,0,0.9982456493714114
Kara Sweeney,116611396,GB,SLKE28044542393868,GB41ZVCG40569600318011,VSXFGBQTERF,10,599.06,0,1,Urban,1,Web,Buy One Get One,0,1.0139857465375177
Tina Shelton,052817597,GB,AOYN68408768722931,GB87FRKY48108356178294,ZUSRGBMLVHS,9,158.91,1,0,Rural,1,Web,Buy One Get One,1,2.6950065900116016
Tony Kirk,055046789,GB,ZUPE05874784236411,GB94MXYA07038654146363,LHTBGBC6LH2,11,178.56,1,0,Urban,0,Phone,Discount,0,0.9608361159834402
Chloe Hernandez,042503882,GB,YPUK01659127659908,GB83PBNS15469134835714,YUESGBV3YN9,3,29.99,1,0,Surburban,0,Phone,Discount,0,0.8419448065935634
Michael Carr,105675466,GB,RCGA31479762312674,GB88SMMG77552724207313,CRGMGBRX89W,3,82.25,1,0,Surburban,0,Phone,Buy One Get One,0,1.182617001523743
Andrea Martinez,039410975,GB,HRYB24663830555943,GB28RTDK41699152585737,LTKQGBQB4DV,2,516.56,0,1,Surburban,1,Phone,Discount,0,0.3260590797751616
Brian Stone,082076146,GB,FHPE18234680988065,GB97BSXT59269876172844,BDABGB83ZG5,6,507.25,0,1,Urban,1,Phone,Discount,0,0.8724589546220193
Laura Smith,115028346,GB,YGNS44569543825709,GB22NCUJ05964697063331,HGXPGB6G6B8,12,69.08,0,1,Rural,0,Phone,Buy One Get One,0,1.027759194636915
Vincent Jackson,024994846,GB,LVEJ73443145146944,GB39JSLS05754430037426,THWTGBKSJJ1,4,143.66,0,1,Surburban,1,Web,No Offer,0,0.5424502753438447
Alejandro Gates,127487030,GB,DIOL46946158838922,GB21RTEE69840328093956,DMQRGB61MVP,1,29.99,1,0,Urban,0,Phone,No Offer,0,0.18670455789576135
Eric Gonzalez,016566761,GB,BKNE59706209941705,GB22EQNJ26032698028409,RHYZGBJXEO6,1,1515.82,1,1,Surburban,1,Multichannel,Buy One Get One,1,2.2204398824163913
Christian Jones,115498808,GB,WRXO16665475626225,GB11PJHJ38778380575088,NJNJGBVPQKH,4,173.48,0,1,Urban,1,Phone,No Offer,0,0.8470062357457546
Donna Delgado,079811398,GB,DKYH66231302274262,GB55ERCT03371134194332,ZIJGGB75CUZ,10,29.99,1,0,Rural,0,Web,Discount,0,1.0620563067117905
Dominique Sims,129480417,GB,ISLQ19911855973622,GB55CQLV45299579014814,DZDRGBKBO2M,6,64.33,1,0,Rural,0,Web,No Offer,1,2.208344800684347
Patrick Wallace,063290378,GB,MHFX54520272652345,GB92YNNN66962636101953,JHEEGBIZ1GT,4,209.79,0,1,Rural,0,Multichannel,Discount,1,2.1143991379009006
Patricia Nguyen,033842578,GB,EXVA33357764792387,GB30BIQK79082281505734,WXOUGBVNFZ1,9,29.99,0,1,Surburban,0,Phone,No Offer,0,1.0517391427360918
Justin Robertson,058620047,GB,NYSI58630114583776,GB69IPQG57624223334215,GHJNGBMTQ0F,1,29.99,0,1,Urban,0,Web,Buy One Get One,0,1.2218417394293744
Jonathan Davis,013104647,GB,QGQO50891170345112,GB66HWYB50037686477580,SJSOGBDFTDZ,12,145.27,1,0,Urban,1,Web,Discount,0,0.9955636218849027
Diane Eaton,018491504,GB,YCHQ02232680663676,GB23MIKE15270365720380,KEPPGBT6CU5,9,78.62,1,0,Urban,0,Web,Discount,0,0.5775154621680487
Jacqueline Dennis,063753048,GB,ENYX64482374315622,GB84ZONI43812300471960,IXLEGBV8AO8,3,249.71,1,0,Surburban,0,Phone,No Offer,0,0.668673328617136
Donald Sims,088790837,GB,UZPL38758482206159,GB13JTDU74337750236514,UDAPGBLH4NF,11,131.76,0,1,Surburban,1,Web,Buy One Get One,1,2.0621137666619305
Mary Marks,037618436,GB,WVKE51928681344233,GB97PAQN29856858212949,HCWXGBBNX5C,10,363.14,0,1,Rural,0,Web,Buy One Get One,0,1.2284829055830773
Stephen Jones,087270196,GB,USBL25096950453999,GB59YGZL06295663202268,OKIUGB0S6JC,2,243.5,1,1,Surburban,0,Phone,Discount,0,1.034531099829044
Jonathan Robles,029541252,GB,LVET63206386857804,GB65UTJF14832479716304,VYZQGB78SBC,2,518.53,0,1,Surburban,1,Phone,Discount,1,1.5739666388735756
Tonya Hernandez,053276195,GB,NYFZ65011549642104,GB03CJLY15510830413588,CCVBGBMKZH6,1,29.99,0,1,Surburban,0,Phone,Discount,1,1.7981912176301906
Christine Sharp,036352706,GB,BPFC54119017281936,GB90LTQC25314691510779,KLPWGBREUUD,10,300.6,1,1,Urban,0,Multichannel,Discount,0,1.5115744291749251
Brandon Allen,058110492,GB,OYOG28076638187309,GB95CNMV43079811579088,XRAJGBBD2UE,6,56.14,0,1,Surburban,1,Web,Buy One Get One,0,0.630415766571446
Amber Pratt,111782068,GB,DKSA97765891262820,GB88HLUD85246443256499,NBZUGBB5KT2,9,506.83,1,0,Rural,1,Multichannel,Discount,0,1.2811277973674287
Tracy Marshall,124311989,GB,VGAJ98854476904653,GB67XXYC60208892980610,BAMRGB27LJ0,1,59.13,1,0,Urban,1,Web,Discount,0,1.3124514897277062
Bruce Fuller,111149601,GB,YVUW42478758171079,GB23NWUD38441560512362,NTBVGB8VQON,11,301.0,1,1,Surburban,1,Web,No Offer,0,1.1162179975168467
Elizabeth Collins,041585319,GB,KWSD94728466231681,GB94WHUY52795017350681,SRXSGBUTYF2,6,329.08,1,1,Rural,1,Web,No Offer,0,1.9700352500881002
Paula Fitzgerald,031942483,GB,DIOG89952686672020,GB19WLVL76788868891254,KJWFGBCZT46,3,1570.59,1,1,Urban,1,Web,Buy One Get One,0,1.107980544041333
Megan Marsh,091260600,GB,BDWD95757300852033,GB94VTDL13469733219904,JRGAGBY2AVG,12,640.99,1,1,Urban,1,Web,Buy One Get One,0,1.4949053865757453
Crystal Pineda,058981197,GB,LUGR34951218249022,GB47LHCX88871261290632,WFACGBM8HNE,9,29.99,0,1,Surburban,0,Phone,No Offer,0,1.426804280048315
Julie Alvarado,032651812,GB,NVDM98336562665158,GB61VBDV97734705649690,TPPBGBLO2TE,11,104.47,1,0,Surburban,0,Web,Buy One Get One,0,0.8381612078944343
Regina Wyatt,047213782,GB,OWWN14246532273938,GB08PPSC35536434521950,PVHDGB52SS9,2,571.53,1,0,Rural,1,Multichannel,Buy One Get One,0,0.9076967941474557
Linda Holmes,129159845,GB,KWDV68913396009315,GB12KPLW68345646616864,ULIDGB69KKJ,2,675.88,1,1,Urban,1,Phone,Discount,0,1.704127819034848
Terry Palmer,045354452,GB,ANZR52386567086246,GB85WJCB65941442962434,VNESGB17UZV,9,123.39,1,0,Urban,0,Phone,Buy One Get One,0,0.8436962231683018
John Lopez,117613827,GB,XZAA73415090047610,GB29OJUN19705686376735,FZCKGBHSNJT,2,90.91,1,0,Surburban,0,Web,Discount,0,1.230138998201203
Chase Pena,117548866,GB,FGGF54191556060383,GB90UJQQ05263933079088,FKGTGB793LR,5,746.6,1,0,Surburban,1,Multichannel,Buy One Get One,1,2.3151854096777713
Kelly Jones,032241390,GB,YBVU11537990313593,GB49IUZS40952086700850,MTBDGBNFY6A,10,312.03,0,1,Rural,0,Web,Discount,0,0.8015924906325911
Adam Espinoza,012467864,GB,PYRS79727739775561,GB20QQMZ26095972364115,XTOMGBFFSQ6,2,103.33,1,0,Rural,1,Phone,No Offer,0,1.47467231144074
Jeremy Hurst,040109547,GB,LBCP35561199451779,GB59ZAEF93907867205790,JSAMGB7641Z,12,29.99,0,1,Surburban,0,Phone,Buy One Get One,0,0.7459058547404573
Melinda Meadows,067046829,GB,NYUE52606496540551,GB86MQFN38818590709194,BFDYGB0B1CT,2,322.83,1,0,Surburban,0,Multichannel,No Offer,1,1.8260500373930357
Thomas Fernandez,044430461,GB,BWUV98384188785737,GB60XFNC86409580947323,XWRPGBH3FNX,2,428.74,1,0,Rural,0,Phone,Discount,0,0.6907506175080365
Holly Sanchez,097107369,GB,DGMY02050371981539,GB15OIXT35132234187947,CNRMGB7NIFV,3,55.34,1,0,Surburban,1,Phone,Buy One Get One,0,1.5646650083007851
Felicia Mullins,043458237,GB,BHNK51928162796996,GB49TWBZ73838107726022,MGBAGB4UPKP,11,99.05,1,0,Urban,1,Phone,No Offer,0,1.3984440292314875
Melissa Gill DDS,087007495,GB,YOSE56168757588752,GB98SQRG36604546680841,LPMDGBFUIXJ,1,629.85,1,0,Urban,1,Web,Discount,1,2.0577207515343043
Rhonda Lloyd,059081465,GB,LXRE78942540527033,GB83JCFP33415418566631,AZVRGBZBOGJ,5,354.03,1,0,Urban,0,Web,Discount,0,0.35811259433874554
Jacob Robinson,048220431,GB,PLHG62062846393796,GB70IXUZ50738332547503,IUXFGBT3U0G,12,150.06,0,1,Surburban,0,Phone,No Offer,0,0.8147756765575648
Ms. Lauren Brown DVM,101381673,GB,SDJU04583476044113,GB15MWAE24741120518765,XZEKGBIMVWS,9,61.57,1,0,Surburban,1,Phone,Buy One Get One,0,1.6206719725967007
Elizabeth Clay,023875429,GB,RZEX09837254052760,GB55OENA91988915759428,BTMMGBT8F8G,7,370.47,1,1,Rural,1,Phone,Buy One Get One,0,1.4547197362771174
Reginald Cole,119623679,GB,RCWY21616735599244,GB83PSGS78784644206284,CDRPGB01PHB,2,936.63,1,0,Urban,1,Phone,Buy One Get One,0,0.6951652232049119
Haley Powers,016966112,GB,HTMS00930143259984,GB37VJAH87333500819387,LHTCGBLBZ0I,11,29.99,0,1,Rural,0,Web,Discount,0,1.200503205806024
Andrew Navarro,084455189,GB,VVFW12964319887207,GB74VEYK86501540441498,GJKTGB03RIH,3,816.52,1,1,Urban,1,Phone,Discount,0,0.7798832219107463
Kayla Garcia,070696619,GB,YBXQ39120386938488,GB67WVNN30268002708988,CILIGBOS96E,5,403.95,0,1,Rural,0,Web,Discount,0,1.4250794548959498
Richard Ponce,038717491,GB,ELVI49287804573367,GB82GMLI46197963234820,LCFFGBL7TQU,1,33.5,1,0,Surburban,0,Web,Discount,0,0.617730999779244
Juan White,034938517,GB,SUDB72275282107009,GB83FOXR16717264862789,WCQXGBCX0UZ,7,46.51,1,0,Rural,1,Web,Buy One Get One,0,0.5976308758308736
Keith Rogers,064327127,GB,CFSU10889434031121,GB27OFWX21765414656866,ZKNSGBF9VBM,1,399.72,1,1,Surburban,0,Phone,Discount,1,2.1642206457137636
Holly Thomas,032896486,GB,OJBU72551147596721,GB17QIIQ78056550215870,BZOKGBTIQGE,5,231.98,1,0,Surburban,1,Multichannel,Buy One Get One,0,0.7410459379612035
Michael Brown,014186635,GB,YPLO82559061706952,GB94NGLN28406690847888,AACYGBN4BC8,6,162.98,0,1,Surburban,0,Web,Discount,0,1.1691764746466953
Michael Brown,014186635,GB,YPLO82559061706952,GB94NGLN28406690847888,AACYGBN4BC8,12,88.65,1,0,Surburban,0,Web,Discount,0,0.400585427313092
Alexander White,050801822,GB,SAVP58182121746174,GB87COHB48567258124836,JXCQGB7KWJO,2,496.71,0,1,Surburban,0,Multichannel,Buy One Get One,0,0.9280518428122171
Mike Wilson,108384767,GB,VVAB28488276847946,GB02JMPU65966805397597,VQCOGB97KPM,6,29.99,0,1,Urban,1,Web,Discount,0,0.8540425343774489
Jeremy Grant,044674939,GB,VTJU31775730115345,GB52IFAN03457797523203,KGLPGBRTZ9M,4,186.97,1,0,Urban,1,Web,No Offer,0,1.414692592513265
Tony Hamilton,097270005,GB,XIRR15116894688975,GB06DLQA86416458363213,GJGAGBBNRBZ,11,43.51,0,1,Surburban,0,Web,No Offer,0,0.6510926970180758
Aaron Zimmerman,069676035,GB,BMNM56161111340625,GB48BTKA35975846903557,NYUDGB4T9HU,6,127.2,0,1,Surburban,0,Phone,No Offer,0,1.6461652167543268
Shannon Ortiz,076293032,GB,AYKP39671069379262,GB20UERA85460613079618,ENZRGBG4OZ7,9,29.99,0,1,Surburban,0,Phone,Buy One Get One,0,0.4802908078157969
Vanessa Stevens,043018619,GB,UKBW87756713787994,GB96DIBZ36093053925881,NVGRGBZTK5O,10,319.45,0,1,Urban,0,Phone,Discount,0,0.1554693877972093
Bryan Avila,113455924,GB,TDFU27259728347004,GB88KGWT60492907268412,QQNBGBWCAI5,4,305.76,0,1,Surburban,0,Phone,No Offer,0,0.27452671436780407
Darlene Mendoza,073285098,GB,ESRF17740590012867,GB06KLAP83957137949678,HLGYGBRPFDG,9,239.91,0,1,Rural,0,Phone,No Offer,0,1.5549560866572594
Justin Ford,125884635,GB,JZIL41592065106436,GB53BVAD01872384320802,EBAWGBXJYLC,3,123.2,1,0,Urban,1,Phone,Discount,0,1.1892013516734472
Jason Proctor,070405716,GB,EZUQ04240846244443,GB97JEFK21452424689612,RGUYGB0DKO9,10,29.99,0,1,Surburban,0,Web,No Offer,1,2.147002475560671
Allison Aguilar,041327470,GB,OOER30288850842270,GB16CLWR77302155847215,ZBSEGBUK98A,2,584.37,1,0,Urban,1,Multichannel,Discount,1,2.0659772994942966
Miss Susan Cook,093131494,GB,KMLL85920128466847,GB86FAQY61007852734549,YEUPGB1VOTF,5,29.99,1,0,Surburban,0,Web,No Offer,0,0.5162528617982303
Misty Porter,112414364,GB,HSBY97498656713682,GB71EZTS17273812908425,HPIVGB58GTJ,9,29.99,0,1,Surburban,1,Phone,No Offer,0,1.406092133629551
